Filename,Total_Vertices,Mean,Median,Std,Min,Max,RMSE,Pct_Within_Cutoff,R1_Count,R1_Mean,R1_Max,R1_RMSE,R1_Pct_Within,R2_Count,R2_Mean,R2_Max,R2_RMSE,R2_Pct_Within,R3_Count,R3_Mean,R3_Max,R3_RMSE,R3_Pct_Within,R4_Count,R4_Mean,R4_Max,R4_RMSE,R4_Pct_Within,R5_Count,R5_Mean,R5_Max,R5_RMSE,R5_Pct_Within,R6_Count,R6_Mean,R6_Max,R6_RMSE,R6_Pct_Within
10_40_directional_icp_heatmap.pdf,7160,1.265832,1.013389,1.093282,0.000452,5.479620,1.672602,23.44,850,0.746207,3.050147,0.892449,36.24,667,1.260879,2.603861,1.370414,10.34,2318,0.992696,2.974519,1.109372,18.38,760,0.556906,1.515173,0.674211,50.00,400,1.012208,2.534731,1.175150,23.75,2165,2.059526,5.479620,2.574570,18.48
12_40_directional_icp_heatmap.pdf,7160,1.642654,1.333064,1.350344,0.000186,7.069269,2.126439,17.58,850,1.100988,4.366213,1.308601,21.41,667,1.836053,3.618885,1.997117,5.40,2318,1.246018,3.617179,1.412466,16.61,760,0.851893,2.377097,1.032648,33.82,400,1.424065,3.615795,1.651041,19.25,2165,2.538375,7.069269,3.168438,14.87
2_40_directional_icp_heatmap.pdf,7160,0.227176,0.192132,0.185572,0.000062,1.025115,0.293336,92.23,850,0.137605,0.795531,0.172615,98.71,667,0.234012,0.621247,0.253613,99.40,2318,0.199750,0.848516,0.225142,99.74,760,0.121860,0.344500,0.149064,100.00,400,0.204983,0.523527,0.238395,99.00,2165,0.330673,1.025115,0.424833,75.47
4_40_directional_icp_heatmap.pdf,7160,0.461196,0.404071,0.370133,0.000248,2.027428,0.591355,65.54,850,0.275657,1.688744,0.348026,88.71,667,0.460107,1.181529,0.501059,59.22,2318,0.425845,1.750392,0.473122,69.15,760,0.193061,0.538285,0.235334,98.42,400,0.383561,0.987583,0.448175,63.50,2165,0.680695,2.027428,0.857553,43.37
6_40_directional_icp_heatmap.pdf,7160,0.709781,0.612944,0.560133,0.000075,3.049557,0.904179,39.86,850,0.418625,2.165780,0.512766,64.59,667,0.714880,1.793914,0.777945,23.24,2318,0.628680,2.485205,0.700501,32.48,760,0.316256,0.877738,0.384931,79.34,400,0.598754,1.527625,0.698768,40.00,2165,1.068011,3.049557,1.321531,29.28
8_40_directional_icp_heatmap.pdf,7160,0.970711,0.808800,0.799335,0.000422,4.054231,1.257464,30.24,850,0.555570,2.465755,0.669677,50.71,667,0.948761,2.169705,1.031779,14.54,2318,0.819247,2.653880,0.910411,22.26,760,0.413852,1.152856,0.504027,65.26,400,0.788280,2.017073,0.916614,32.25,2165,1.531815,4.054231,1.895641,22.91
