Filename,Total_Vertices,Mean,Median,Std,Min,Max,RMSE,Pct_Within_Cutoff,R1_Count,R1_Mean,R1_Max,R1_RMSE,R1_Pct_Within,R2_Count,R2_Mean,R2_Max,R2_RMSE,R2_Pct_Within,R3_Count,R3_Mean,R3_Max,R3_RMSE,R3_Pct_Within,R4_Count,R4_Mean,R4_Max,R4_RMSE,R4_Pct_Within,R5_Count,R5_Mean,R5_Max,R5_RMSE,R5_Pct_Within,R6_Count,R6_Mean,R6_Max,R6_RMSE,R6_Pct_Within
10_40_directional_fa_values.csv,7160,2.046226,0.000332,4.181773,0.000004,20.010915,4.655563,70.42,850,0.000132,0.000595,0.000166,100.00,667,0.000190,0.000430,0.000202,100.00,2318,0.008612,0.371486,0.045975,100.00,760,0.000172,0.000305,0.000178,100.00,400,0.039886,0.744457,0.133828,96.25,2165,6.750436,20.010915,8.466090,2.86
12_40_directional_fa_values.csv,7160,2.557750,0.000368,5.237017,0.000003,24.010908,5.828245,69.69,850,0.000141,0.000615,0.000173,100.00,667,0.000210,0.000488,0.000223,100.00,2318,0.010370,0.446153,0.055479,100.00,760,0.000186,0.000355,0.000191,100.00,400,0.050166,0.895731,0.167726,93.75,2165,8.438331,24.010908,10.598610,0.92
2_40_directional_fa_values.csv,7160,0.429806,0.311025,0.416614,0.003536,3.423434,0.598582,83.73,850,0.142664,0.265470,0.154569,100.00,667,0.194859,0.308405,0.207680,100.00,2318,0.347950,0.474445,0.355557,100.00,760,0.186104,0.283884,0.196073,100.00,400,0.344735,0.404957,0.346439,100.00,2165,0.803831,3.423434,0.995621,46.19
4_40_directional_fa_values.csv,7160,0.673787,0.064200,1.281253,0.000585,7.956417,1.447618,76.10,850,0.020569,0.043896,0.023141,100.00,667,0.036469,0.054074,0.037819,100.00,2318,0.063933,0.098653,0.065081,100.00,760,0.039602,0.055345,0.040752,100.00,400,0.065721,0.214564,0.067679,100.00,2165,2.114514,7.956417,2.631323,20.97
6_40_directional_fa_values.csv,7160,1.090361,0.041523,2.172250,0.000086,11.932410,2.430547,73.55,850,0.013189,0.028331,0.014870,100.00,667,0.023826,0.035230,0.024651,100.00,2318,0.043545,0.177831,0.046562,100.00,760,0.025864,0.035956,0.026562,100.00,400,0.052976,0.390880,0.070977,100.00,2165,3.527989,11.932410,4.419667,12.52
8_40_directional_fa_values.csv,7160,1.546815,0.000321,3.153780,0.000002,16.002748,3.512686,71.79,850,0.000131,0.000587,0.000164,100.00,667,0.000187,0.000419,0.000198,100.00,2318,0.006919,0.296753,0.036674,100.00,760,0.000186,0.000292,0.000192,100.00,400,0.029945,0.592100,0.101016,99.25,2165,5.102447,16.002748,6.387769,6.84
