Filename,Total_Vertices,Mean,Median,Std,Min,Max,RMSE,Pct_Within_Cutoff,R1_Count,R1_Mean,R1_Max,R1_RMSE,R1_Pct_Within,R2_Count,R2_Mean,R2_Max,R2_RMSE,R2_Pct_Within,R3_Count,R3_Mean,R3_Max,R3_RMSE,R3_Pct_Within,R4_Count,R4_Mean,R4_Max,R4_RMSE,R4_Pct_Within,R5_Count,R5_Mean,R5_Max,R5_RMSE,R5_Pct_Within,R6_Count,R6_Mean,R6_Max,R6_RMSE,R6_Pct_Within
1_50_directional_icp_heatmap.pdf,7160,0.084575,0.049338,0.105799,0.000023,0.792443,0.135449,98.25,850,0.060613,0.583809,0.095766,99.76,667,0.111203,0.553101,0.139159,99.70,2318,0.070658,0.596383,0.105903,98.79,760,0.233470,0.792443,0.298511,89.21,400,0.057215,0.227221,0.074006,100.00,2165,0.053467,0.574842,0.082504,99.49
2_50_directional_icp_heatmap.pdf,7160,0.164371,0.094214,0.210414,0.000072,1.602655,0.267005,94.15,850,0.112727,1.122796,0.182923,97.53,667,0.211393,1.062542,0.265302,94.90,2318,0.135658,1.131013,0.203212,98.32,760,0.467530,1.602655,0.603490,61.32,400,0.113562,0.482675,0.146760,100.00,2165,0.103868,1.083908,0.157832,98.57
3_50_directional_icp_heatmap.pdf,7160,0.257345,0.151922,0.315911,0.000064,2.266865,0.407463,86.97,850,0.159617,1.570358,0.265713,96.71,667,0.336019,1.755351,0.426058,77.36,2318,0.223666,1.831986,0.333880,88.40,760,0.695917,2.266865,0.880408,46.58,400,0.185592,0.700632,0.235332,96.25,2165,0.166835,1.742184,0.252481,97.04
4_50_directional_icp_heatmap.pdf,7160,0.335894,0.198277,0.417818,0.000038,3.064734,0.536094,79.23,850,0.188995,2.091046,0.311349,92.59,667,0.444097,2.323292,0.559887,60.87,2318,0.294908,2.417531,0.437164,79.38,760,0.927140,3.064734,1.178572,36.32,400,0.241046,0.910078,0.304989,91.00,2165,0.214089,2.291285,0.326229,92.38
5_50_directional_icp_heatmap.pdf,7160,0.420815,0.246697,0.517747,0.000061,3.885725,0.667194,72.60,850,0.247993,2.561806,0.383208,88.12,667,0.553632,2.717640,0.691374,50.52,2318,0.365598,2.935337,0.538804,72.99,760,1.158001,3.885725,1.476178,29.61,400,0.306036,1.175869,0.383946,82.75,2165,0.269292,2.779863,0.405271,86.10
6_50_directional_icp_heatmap.pdf,7160,0.522050,0.311396,0.624541,0.000020,4.550222,0.813995,65.98,850,0.316483,3.102834,0.481256,80.94,667,0.699318,3.284314,0.866374,40.18,2318,0.465002,3.684558,0.683575,67.04,760,1.386892,4.550222,1.749474,24.61,400,0.374281,1.362563,0.464783,74.00,2165,0.332932,3.492801,0.504465,79.95
