Filename,Total_Vertices,Mean,Median,Std,Min,Max,RMSE,Pct_Within_Cutoff,R1_Count,R1_Mean,R1_Max,R1_RMSE,R1_Pct_Within,R2_Count,R2_Mean,R2_Max,R2_RMSE,R2_Pct_Within,R3_Count,R3_Mean,R3_Max,R3_RMSE,R3_Pct_Within,R4_Count,R4_Mean,R4_Max,R4_RMSE,R4_Pct_Within,R5_Count,R5_Mean,R5_Max,R5_RMSE,R5_Pct_Within,R6_Count,R6_Mean,R6_Max,R6_RMSE,R6_Pct_Within
10_40_directional.obj,7160,2.126118,0.000000,4.374971,0.000000,19.994900,4.864232,70.47,850,0.000000,0.000000,0.000000,100.00,667,0.000000,0.000000,0.000000,100.00,2318,0.007106,0.377602,0.048530,100.00,760,0.000000,0.000000,0.000000,100.00,400,0.036552,0.711470,0.142527,95.25,2165,7.017049,19.994900,8.845541,3.23
12_40_directional.obj,7160,2.666994,0.000000,5.485897,0.000000,23.993799,6.099829,69.80,850,0.000000,0.000000,0.000000,100.00,667,0.000000,0.000000,0.000000,100.00,2318,0.008571,0.453098,0.058530,100.00,760,0.000000,0.000000,0.000000,100.00,400,0.046022,0.856370,0.178669,93.75,2165,8.802495,23.993799,11.092473,1.29
2_40_directional.obj,7160,0.346272,0.000000,0.688328,0.000000,3.998980,0.770520,79.36,850,0.000000,0.000000,0.000000,100.00,667,0.000000,0.000000,0.000000,100.00,2318,0.001418,0.075500,0.009684,100.00,760,0.000000,0.000000,0.000000,100.00,400,0.005275,0.139704,0.021047,100.00,2165,1.142685,3.998980,1.401171,31.73
4_40_directional.obj,7160,0.732189,0.000000,1.479622,0.000000,7.997960,1.650873,75.32,850,0.000000,0.000000,0.000000,100.00,667,0.000000,0.000000,0.000000,100.00,2318,0.002835,0.151001,0.019368,100.00,760,0.000000,0.000000,0.000000,100.00,400,0.011584,0.279408,0.046344,100.00,2165,2.416290,7.997960,3.002079,18.38
6_40_directional.obj,7160,1.157451,0.000000,2.363278,0.000000,11.996940,2.631497,73.24,850,0.000000,0.000000,0.000000,100.00,667,0.000000,0.000000,0.000000,100.00,2318,0.004253,0.226601,0.029054,100.00,760,0.000000,0.000000,0.000000,100.00,400,0.018947,0.419450,0.075167,100.00,2165,3.819821,11.996940,4.785331,11.50
8_40_directional.obj,7160,1.622256,0.000000,3.330974,0.000000,15.995920,3.705010,71.70,850,0.000000,0.000000,0.000000,100.00,667,0.000000,0.000000,0.000000,100.00,2318,0.005673,0.302101,0.038751,100.00,760,0.000000,0.000000,0.000000,100.00,400,0.027398,0.566000,0.107620,99.25,2165,5.353924,15.995920,6.737504,6.56
